nombre,clase,fecha,enlace
Extraviado,1-facil,01-2025,https://gestion-maquinas.dockerlabs.es/dl/extraviado.zip
Patriaquerida,1-facil,01-2025,https://gestion-maquinas.dockerlabs.es/dl/patriaquerida.zip
ForbiddenHack,1-facil,01-2025,https://gestion-maquinas.dockerlabs.es/dl/forbiddenhack.zip
cineHack,2-medio,01-2025,https://gestion-maquinas.dockerlabs.es/dl/cinehack.zip
Seeker,2-medio,01-2025,https://gestion-maquinas.dockerlabs.es/dl/seeker.zip
LogisticCloud,2-medio,01-2025,https://gestion-maquinas.dockerlabs.es/dl/logisticcloud.zip
Express,2-medio,01-2025,https://gestion-maquinas.dockerlabs.es/dl/express.zip
Raas,3-dificil,01-2025,https://gestion-maquinas.dockerlabs.es/dl/raas.zip
Spain,3-dificil,01-2025,https://gestion-maquinas.dockerlabs.es/dl/spain.tar
Insanity,3-dificil,01-2025,https://gestion-maquinas.dockerlabs.es/dl/insanity.zip
Lifeordead,3-dificil,01-2025,https://gestion-maquinas.dockerlabs.es/dl/lifeordead.zip
Wargames,1-facil,01-2026,https://gestion-maquinas.dockerlabs.es/dl/wargames.zip
Rolarola,2-medio,01-2026,https://gestion-maquinas.dockerlabs.es/dl/rolarola.zip
Tproot,0-muy-facil,02-2025,https://gestion-maquinas.dockerlabs.es/dl/tproot.zip
Internship,1-facil,02-2025,https://gestion-maquinas.dockerlabs.es/dl/internship.zip
ApiBase,1-facil,02-2025,https://gestion-maquinas.dockerlabs.es/dl/apibase.zip
Walking Dead,1-facil,02-2025,https://gestion-maquinas.dockerlabs.es/dl/walking_dead.zip
Gitea,2-medio,02-2025,https://gestion-maquinas.dockerlabs.es/dl/gitea.zip
Unrecover,2-medio,02-2025,https://gestion-maquinas.dockerlabs.es/dl/unrecover.zip
ApiRoot,2-medio,02-2025,https://gestion-maquinas.dockerlabs.es/dl/apiroot.zip
Canario,3-dificil,02-2025,https://gestion-maquinas.dockerlabs.es/dl/canario.zip
Smashing,3-dificil,02-2025,https://gestion-maquinas.dockerlabs.es/dl/smashing.zip
Internal,1-facil,02-2026,https://gestion-maquinas.dockerlabs.es/dl/internal.zip
Profetas,2-medio,02-2026,https://gestion-maquinas.dockerlabs.es/dl/profetas.zip
Talent,2-medio,02-2026,https://gestion-maquinas.dockerlabs.es/dl/talent.zip
RootedPingu,3-dificil,02-2026,https://gestion-maquinas.dockerlabs.es/dl/rootedpingu.zip
StackInferno,2-medio,03-2025,https://gestion-maquinas.dockerlabs.es/dl/stackinferno.zip
MachuPicchu,2-medio,03-2025,https://gestion-maquinas.dockerlabs.es/dl/machupichhu.zip
secureLAB,3-dificil,03-2025,https://gestion-maquinas.dockerlabs.es/dl/secureLAB.zip
CuentaAtrás,2-medio,03-2026,https://gestion-maquinas.dockerlabs.es/dl/cuentaatras.zip
Flasky,2-medio,03-2026,https://gestion-maquinas.dockerlabs.es/dl/flasky.zip
BigWear,2-medio,03-2026,https://gestion-maquinas.dockerlabs.es/dl/bigwear.zip
NightBlade,2-medio,03-2026,https://gestion-maquinas.dockerlabs.es/dl/nightblade.zip
SECorNOTsec,2-medio,03-2026,https://gestion-maquinas.dockerlabs.es/dl/secornotsec.zip
Trust,0-muy-facil,04-2024,https://gestion-maquinas.dockerlabs.es/dl/trust.zip
WhereIsMyWebShell,1-facil,04-2024,https://gestion-maquinas.dockerlabs.es/dl/whereismywebshell.zip
Upload,1-facil,04-2024,https://gestion-maquinas.dockerlabs.es/dl/upload.zip
WalkingCMS,1-facil,04-2024,https://gestion-maquinas.dockerlabs.es/dl/walkingcms.zip
-Pn,1-facil,04-2024,https://gestion-maquinas.dockerlabs.es/dl/Pn.zip
AnonymousPingu,1-facil,04-2024,https://gestion-maquinas.dockerlabs.es/dl/anonymouspingu.zip
Amor,1-facil,04-2024,https://gestion-maquinas.dockerlabs.es/dl/amor.zip
Domain,2-medio,04-2024,https://gestion-maquinas.dockerlabs.es/dl/domain.zip
HackPenguin,2-medio,04-2024,https://gestion-maquinas.dockerlabs.es/dl/hackpenguin.zip
StrongJenkins,2-medio,04-2024,https://gestion-maquinas.dockerlabs.es/dl/strongjenkins.zip
LittlePivoting,2-medio,04-2024,https://gestion-maquinas.dockerlabs.es/dl/LittlePivoting.zip
HackTheHeaven,3-dificil,04-2024,https://gestion-maquinas.dockerlabs.es/dl/hacktheheaven.zip
SummerVibes,3-dificil,04-2024,https://gestion-maquinas.dockerlabs.es/dl/summervibes.zip
Injection,1-facil,04-2025,https://gestion-maquinas.dockerlabs.es/dl/injection.zip
Bicho,1-facil,04-2025,https://gestion-maquinas.dockerlabs.es/dl/bicho.zip
BaluFood,1-facil,04-2025,https://gestion-maquinas.dockerlabs.es/dl/balufood.zip
ChocoPing,2-medio,04-2025,https://gestion-maquinas.dockerlabs.es/dl/chocoping.zip
Crystalteam,2-medio,04-2025,https://gestion-maquinas.dockerlabs.es/dl/crystalteam.zip
Gallery,3-dificil,04-2025,https://gestion-maquinas.dockerlabs.es/dl/Gallery.zip
Autoescuela,1-facil,04-2026,https://gestion-maquinas.dockerlabs.es/dl/autoescuela.zip
BreakMySSH,0-muy-facil,05-2024,https://gestion-maquinas.dockerlabs.es/dl/breakmyssh.zip
BorazuwarahCTF,0-muy-facil,05-2024,https://gestion-maquinas.dockerlabs.es/dl/borazuwarahctf.zip
Library,1-facil,05-2024,https://gestion-maquinas.dockerlabs.es/dl/library.zip
Verdejo,1-facil,05-2024,https://gestion-maquinas.dockerlabs.es/dl/verdejo.zip
SecretJenkins,1-facil,05-2024,https://gestion-maquinas.dockerlabs.es/dl/secretjenkins.zip
HiddenCat,1-facil,05-2024,https://gestion-maquinas.dockerlabs.es/dl/hiddencat.zip
AguaDeMayo,1-facil,05-2024,https://gestion-maquinas.dockerlabs.es/dl/aduademayo.zip
Picadilly,1-facil,05-2024,https://gestion-maquinas.dockerlabs.es/dl/picadilly.zip
Inclusion,2-medio,05-2024,https://gestion-maquinas.dockerlabs.es/dl/inclusion.zip
Hidden,2-medio,05-2024,https://gestion-maquinas.dockerlabs.es/dl/hidden.zip
Database,2-medio,05-2024,https://gestion-maquinas.dockerlabs.es/dl/database.zip
Asucar,2-medio,05-2024,https://gestion-maquinas.dockerlabs.es/dl/asucar.zip
Eclipse,2-medio,05-2024,https://gestion-maquinas.dockerlabs.es/dl/eclipse.zip
NorC,3-dificil,05-2024,https://gestion-maquinas.dockerlabs.es/dl/norc.zip
galeria,1-facil,05-2025,https://gestion-maquinas.dockerlabs.es/dl/galeria.zip
Bypassme,1-facil,05-2025,https://gestion-maquinas.dockerlabs.es/dl/bypassme.zip
PkgPoison,1-facil,05-2025,https://gestion-maquinas.dockerlabs.es/dl/pkgpoison.zip
Ciberguard,2-medio,05-2025,https://gestion-maquinas.dockerlabs.es/dl/ciberguard.zip
TheDog,2-medio,05-2025,https://gestion-maquinas.dockerlabs.es/dl/thedog.zip
Duque,1-facil,05-2026,https://gestion-maquinas.dockerlabs.es/dl/duque.zip
WorkConnect,2-medio,05-2026,https://gestion-maquinas.dockerlabs.es/dl/workconnect.zip
TrailPack,2-medio,05-2026,https://gestion-maquinas.dockerlabs.es/dl/trailpack.zip
Adopting,2-medio,05-2026,https://gestion-maquinas.dockerlabs.es/dl/adopting.zip
FirstHacking,0-muy-facil,06-2024,https://gestion-maquinas.dockerlabs.es/dl/firsthacking.zip
Vacaciones,0-muy-facil,06-2024,https://gestion-maquinas.dockerlabs.es/dl/vacaciones.zip
Obsession,0-muy-facil,06-2024,https://gestion-maquinas.dockerlabs.es/dl/obsession.zip
Move,1-facil,06-2024,https://gestion-maquinas.dockerlabs.es/dl/move.zip
Pinguinazo,1-facil,06-2024,https://gestion-maquinas.dockerlabs.es/dl/pinguinazo.zip
ChocolateLovers,1-facil,06-2024,https://gestion-maquinas.dockerlabs.es/dl/chocolatelovers.zip
Escolares,1-facil,06-2024,https://gestion-maquinas.dockerlabs.es/dl/escolares.zip
Whoiam,1-facil,06-2024,https://gestion-maquinas.dockerlabs.es/dl/whoiam.zip
Veneno,2-medio,06-2024,https://gestion-maquinas.dockerlabs.es/dl/veneno.zip
Collections,2-medio,06-2024,https://gestion-maquinas.dockerlabs.es/dl/collections.zip
PingPong,2-medio,06-2024,https://gestion-maquinas.dockerlabs.es/dl/pingpong.zip
MyBB,2-medio,06-2024,https://gestion-maquinas.dockerlabs.es/dl/mybb.zip
UserSearch,2-medio,06-2024,https://gestion-maquinas.dockerlabs.es/dl/usersearch.zip
Dark,2-medio,06-2024,https://gestion-maquinas.dockerlabs.es/dl/dark.zip
Fileception,2-medio,06-2024,https://gestion-maquinas.dockerlabs.es/dl/fileception.zip
HereBash,2-medio,06-2024,https://gestion-maquinas.dockerlabs.es/dl/herebash.zip
Master,2-medio,06-2024,https://gestion-maquinas.dockerlabs.es/dl/master.zip
PyRed,2-medio,06-2024,https://gestion-maquinas.dockerlabs.es/dl/pyred.zip
Bashpariencias,2-medio,06-2024,https://gestion-maquinas.dockerlabs.es/dl/bashpariencias.zip
Fooding,2-medio,06-2024,https://gestion-maquinas.dockerlabs.es/dl/fooding.zip
ChocolateFire,2-medio,06-2024,https://gestion-maquinas.dockerlabs.es/dl/chocolatefire.zip
Predictable,3-dificil,06-2024,https://gestion-maquinas.dockerlabs.es/dl/predictable.zip
BigPivoting,3-dificil,06-2024,https://gestion-maquinas.dockerlabs.es/dl/BigPivoting.zip
InfluencerHate,1-facil,06-2025,https://gestion-maquinas.dockerlabs.es/dl/influencerhate.zip
ApacheByte,2-medio,06-2025,https://gestion-maquinas.dockerlabs.es/dl/ApacheByte.zip
Status,2-medio,06-2025,https://gestion-maquinas.dockerlabs.es/dl/status.zip
Ofuskeit,2-medio,06-2025,https://gestion-maquinas.dockerlabs.es/dl/ofuskeit.zip
Bola,2-medio,06-2025,https://gestion-maquinas.dockerlabs.es/dl/bola.zip
Minecraft,3-dificil,06-2025,https://gestion-maquinas.dockerlabs.es/dl/minecraft.zip
Gotham,1-facil,06-2026,https://gestion-maquinas.dockerlabs.es/dl/gotham.zip
PinguPenguin,3-dificil,06-2026,https://gestion-maquinas.dockerlabs.es/dl/pingupenguin.zip
NodeClimb,1-facil,07-2024,https://gestion-maquinas.dockerlabs.es/dl/nodeclimb.zip
ConsoleLog,1-facil,07-2024,https://gestion-maquinas.dockerlabs.es/dl/consolelog.zip
ShowTime,1-facil,07-2024,https://gestion-maquinas.dockerlabs.es/dl/showtime.zip
Los 40 Ladrones,1-facil,07-2024,https://gestion-maquinas.dockerlabs.es/dl/los40ladrones.zip
Winterfell,1-facil,07-2024,https://gestion-maquinas.dockerlabs.es/dl/winterfell.zip
DockerLabs,1-facil,07-2024,https://gestion-maquinas.dockerlabs.es/dl/dockerlabs.zip
Stranger,2-medio,07-2024,https://gestion-maquinas.dockerlabs.es/dl/stranger.zip
Rutas,2-medio,07-2024,https://gestion-maquinas.dockerlabs.es/dl/rutas.zip
DockHackLab,2-medio,07-2024,https://gestion-maquinas.dockerlabs.es/dl/dockhacklab.zip
Wallet,2-medio,07-2024,https://gestion-maquinas.dockerlabs.es/dl/wallet.zip
Cachopo,2-medio,07-2024,https://gestion-maquinas.dockerlabs.es/dl/cachopo.zip
Vulnerame,3-dificil,07-2024,https://gestion-maquinas.dockerlabs.es/dl/vulnerame.zip
Force,3-dificil,07-2024,https://gestion-maquinas.dockerlabs.es/dl/force.zip
SkullNet,3-dificil,07-2024,https://gestion-maquinas.dockerlabs.es/dl/skullnet.zip
Ejotapete,1-facil,07-2025,https://gestion-maquinas.dockerlabs.es/dl/ejotapete.zip
Grooti,1-facil,07-2025,https://gestion-maquinas.dockerlabs.es/dl/grooti.zip
WinFake,1-facil,07-2025,https://gestion-maquinas.dockerlabs.es/dl/winfake.zip
PingCTF,1-facil,07-2025,https://gestion-maquinas.dockerlabs.es/dl/ping_ctf.zip
ApkAdmin,1-facil,07-2026,https://gestion-maquinas.dockerlabs.es/dl/apkadmin.zip
kmspwned,1-facil,07-2026,https://gestion-maquinas.dockerlabs.es/dl/kmspwned.zip
BaluHome,2-medio,07-2026,https://gestion-maquinas.dockerlabs.es/dl/baluhome.zip
Psycho,1-facil,08-2024,https://gestion-maquinas.dockerlabs.es/dl/psycho.zip
Candy,1-facil,08-2024,https://gestion-maquinas.dockerlabs.es/dl/candy.zip
Backend,1-facil,08-2024,https://gestion-maquinas.dockerlabs.es/dl/backend.zip
Vulnvault,1-facil,08-2024,https://gestion-maquinas.dockerlabs.es/dl/vulnvault.zip
Mirame,1-facil,08-2024,https://gestion-maquinas.dockerlabs.es/dl/mirame.zip
Pressenter,1-facil,08-2024,https://gestion-maquinas.dockerlabs.es/dl/pressenter.zip
Pntopntobarra,1-facil,08-2024,https://gestion-maquinas.dockerlabs.es/dl/pntopntobarra.zip
Dance-Samba,2-medio,08-2024,https://gestion-maquinas.dockerlabs.es/dl/dance-samba.zip
404-not-found,2-medio,08-2024,https://gestion-maquinas.dockerlabs.es/dl/404-not-found.zip
Inj3ct0rss,2-medio,08-2024,https://gestion-maquinas.dockerlabs.es/dl/Inj3ct0rss.zip
Sites,2-medio,08-2024,https://gestion-maquinas.dockerlabs.es/dl/sites.zip
Mapache2,2-medio,08-2024,https://gestion-maquinas.dockerlabs.es/dl/mapache2.zip
Grandma,3-dificil,08-2024,https://gestion-maquinas.dockerlabs.es/dl/grandma.zip
Crackoff,3-dificil,08-2024,https://gestion-maquinas.dockerlabs.es/dl/crackoff.zip
DebugMe,3-dificil,08-2024,https://gestion-maquinas.dockerlabs.es/dl/debugme.zip
Lfi.elf,3-dificil,08-2024,https://gestion-maquinas.dockerlabs.es/dl/lfi.elf.zip
HackMeDaddy,3-dificil,08-2024,https://gestion-maquinas.dockerlabs.es/dl/HackMeDaddy.zip
Buffered,3-dificil,08-2024,https://gestion-maquinas.dockerlabs.es/dl/buffered.zip
Road to Olympus,3-dificil,08-2024,https://gestion-maquinas.dockerlabs.es/dl/Road_To_Olympus.zip
DoubleFlow,3-dificil,08-2024,https://gestion-maquinas.dockerlabs.es/dl/doubleflow.zip
Waffy,3-dificil,08-2025,https://gestion-maquinas.dockerlabs.es/dl/waffy.zip
hannah_coffee,1-facil,08-2026,https://gestion-maquinas.dockerlabs.es/dl/hannah_coffee.zip
Los 3 Hackers,1-facil,08-2026,https://gestion-maquinas.dockerlabs.es/dl/los3hackers.zip
PipePwned,2-medio,08-2026,https://gestion-maquinas.dockerlabs.es/dl/pipepwned.zip
Pequeñas-Mentirosas,1-facil,09-2024,https://gestion-maquinas.dockerlabs.es/dl/pequenas-mentirosas.zip
Balulero,1-facil,09-2024,https://gestion-maquinas.dockerlabs.es/dl/balulero.zip
JenkHack,1-facil,09-2024,https://gestion-maquinas.dockerlabs.es/dl/jenkhack.zip
Paradise,1-facil,09-2024,https://gestion-maquinas.dockerlabs.es/dl/paradise.zip
Apolos,2-medio,09-2024,https://gestion-maquinas.dockerlabs.es/dl/apolos.zip
0xc0ffee,2-medio,09-2024,https://gestion-maquinas.dockerlabs.es/dl/0xc0ffee.zip
chmod-4755,2-medio,09-2024,https://gestion-maquinas.dockerlabs.es/dl/chmod-4755.zip
Rubiks,2-medio,09-2024,https://gestion-maquinas.dockerlabs.es/dl/Rubiks.zip
Memesploit,2-medio,09-2024,https://gestion-maquinas.dockerlabs.es/dl/memesploit.zip
ChatMe,2-medio,09-2024,https://gestion-maquinas.dockerlabs.es/dl/chatme.zip
Devil,2-medio,09-2024,https://gestion-maquinas.dockerlabs.es/dl/devil.zip
Insecure,3-dificil,09-2024,https://gestion-maquinas.dockerlabs.es/dl/insecure.zip
r00tless,3-dificil,09-2024,https://gestion-maquinas.dockerlabs.es/dl/r00tless.zip
Queuemedic,3-dificil,09-2024,https://gestion-maquinas.dockerlabs.es/dl/Queuemedic.zip
SpiderRoot,2-medio,09-2025,https://gestion-maquinas.dockerlabs.es/dl/SpiderRoot.zip
Allien,1-facil,10-2024,https://gestion-maquinas.dockerlabs.es/dl/allien.zip
FindYourStyle,1-facil,10-2024,https://gestion-maquinas.dockerlabs.es/dl/findyourstyle.zip
Stellarjwt,1-facil,10-2024,https://gestion-maquinas.dockerlabs.es/dl/stellarjwt.zip
Report,2-medio,10-2024,https://gestion-maquinas.dockerlabs.es/dl/report.zip
HedgeHog,0-muy-facil,11-2024,https://gestion-maquinas.dockerlabs.es/dl/hedgehog.zip
File,1-facil,11-2024,https://gestion-maquinas.dockerlabs.es/dl/file.zip
Swiss,2-medio,11-2024,https://gestion-maquinas.dockerlabs.es/dl/swiss.zip
HackZones,2-medio,11-2024,https://gestion-maquinas.dockerlabs.es/dl/hackzones.zip
BruteShock,2-medio,11-2024,https://gestion-maquinas.dockerlabs.es/dl/bruteshock.zip
Subversion,3-dificil,11-2024,https://gestion-maquinas.dockerlabs.es/dl/subversion.zip
Aidor,1-facil,11-2025,https://gestion-maquinas.dockerlabs.es/dl/aidor.zip
Crossfi,2-medio,11-2025,https://gestion-maquinas.dockerlabs.es/dl/crossfi.zip
Ekisese,2-medio,11-2025,https://gestion-maquinas.dockerlabs.es/dl/ekisese.zip
Perrito Mágico,2-medio,11-2025,https://gestion-maquinas.dockerlabs.es/dl/perrito_magico.zip
Pupin,3-dificil,11-2025,https://gestion-maquinas.dockerlabs.es/dl/pupin.zip
Reflection,1-facil,12-2024,https://gestion-maquinas.dockerlabs.es/dl/reflection.zip
Redirection,1-facil,12-2024,https://gestion-maquinas.dockerlabs.es/dl/redirection.zip
Elevator,1-facil,12-2024,https://gestion-maquinas.dockerlabs.es/dl/elevator.zip
Reverse,2-medio,12-2024,https://gestion-maquinas.dockerlabs.es/dl/reverse.zip
Stack,2-medio,12-2024,https://gestion-maquinas.dockerlabs.es/dl/stack.zip
DevTools,2-medio,12-2024,https://gestion-maquinas.dockerlabs.es/dl/DevTools.zip
Forgotten_Portal,2-medio,12-2024,https://gestion-maquinas.dockerlabs.es/dl/forgotten_portal.zip
BadPlugin,2-medio,12-2024,https://gestion-maquinas.dockerlabs.es/dl/badplugin.zip
Cracker,2-medio,12-2024,https://gestion-maquinas.dockerlabs.es/dl/cracker.zip
Sender,3-dificil,12-2024,https://gestion-maquinas.dockerlabs.es/dl/sender.zip
Darkweb,3-dificil,12-2024,https://gestion-maquinas.dockerlabs.es/dl/darkweb.zip
Flow,3-dificil,12-2024,https://gestion-maquinas.dockerlabs.es/dl/flow.zip
DoubleTrouble,3-dificil,12-2024,https://gestion-maquinas.dockerlabs.es/dl/doubletrouble.zip
Race,2-medio,12-2025,https://gestion-maquinas.dockerlabs.es/dl/race.zip
Jason,2-medio,12-2025,https://gestion-maquinas.dockerlabs.es/dl/jason.zip
Puzzle,2-medio,12-2025,https://gestion-maquinas.dockerlabs.es/dl/puzzle.zip
SocialHub,3-dificil,12-2025,https://gestion-maquinas.dockerlabs.es/dl/socialhub.zip
Tokenaso,3-dificil,12-2025,https://gestion-maquinas.dockerlabs.es/dl/tokenaso.zip
